condition_id,question_text,P_i1,S_i,G_i_label,init_correct_recomputed,final_correct_recomputed,classification,stratum,n_episodes,volume_gamma,first_proposal_time_a1,settlement_time,G_i_source
0x29a6ab753d518cbbef4398201e791c9bb7d37853ae6acd6c7b0583d549e41ed9,IPL: Mumbai Indians vs. Chennai Super Kings 2023-04-08,Yes,No,No,False,True,corrected_proposer_error,two_benchmark,2.0,0.0,1680992818.0,1681005879.0,two_benchmark
0xb1fc4b084ec05ef3922a150a50aeb89ec0b456315be44c8d5fd2b074ac8ac484,MLB: New York Yankees vs. Minnesota Twins 2023-04-13,Yes,No,No,False,True,corrected_proposer_error,two_benchmark,2.0,0.0,1681435947.0,1681446027.0,two_benchmark
0x416e80bda3eab2cae78b1e96f7d95722cb938ec925755e4738a5a8bd9c283d7c,Greek Election: Will Syriza get more votes than PASOK?,No,Yes,Yes,False,True,corrected_proposer_error,two_benchmark,2.0,775.0,1688062798.0,1688076943.0,two_benchmark
0xbc28bcfa6166d4be35cb9371dc638ed4c423caf2a7b4511b82e7e437f5880470,Will Macron remain President of France through July 10?,No,Yes,Yes,False,True,corrected_proposer_error,frozen,2.0,9539.63,1689050362.0,1689064528.0,frozen
0x87daa6749229246c64b2bbe68b8d35f83fbe75ec28582e72f3eb27b32eef9cac,,Yes,No,No,False,True,corrected_proposer_error,two_benchmark,2.0,,1692449448.0,1733021854.0,two_benchmark
0x96af428ca8b21e7b3dc7fef4326127fb1d61ee0ca74c504ab639de105358d321,"Will $ETH hit $1,800 or $2,200 first?",Other,No,No,False,True,corrected_proposer_error,frozen,2.0,100450.05,1701643210.0,1701656131.0,frozen
0x23a8c070468592394f2364384f78195dcd809a20deda59647c1512c98e5b400f,US Congress approve more Ukraine aid in 2023?,Yes,No,No,False,True,corrected_proposer_error,both,2.0,107430.87,1703289750.0,1704093955.0,two_benchmark
0x32c02dd293eae94b38ad90b6c5cc237c29d0cbdc0d528a0b98d3ae0fda35c1d7,Will US attack Yemen in 2023?,Yes,No,No,False,True,corrected_proposer_error,frozen,2.0,114091.33,1704174757.0,1704673525.0,frozen
0xf5ae0b87895b7bb27e528864c7a03bdab68435b01e1f890a94c5995a2c33a58a,,No,Yes,Yes,False,True,corrected_proposer_error,two_benchmark,2.0,,1705426120.0,1720225845.0,two_benchmark
0xd52c52836eb9460fed64c27f317a197da346a5b48251879e6137fac5131cf939,Will Hezbollah deploy ground forces in Israel in January?,Yes,No,No,False,True,corrected_proposer_error,both,2.0,68624.96,1706077464.0,1706934927.0,two_benchmark
0x41a8be2033f484bd62eb530b0b1256f26c190ba870e33d09ce88bd053f7e9ef2,,No,Yes,Yes,False,True,corrected_proposer_error,two_benchmark,2.0,,1708945115.0,1709338844.0,two_benchmark
0xf1262dd8b387a8422b6951034fec225bbba44b27ece4c15900e8d5a74839e789,,Yes,No,No,False,True,corrected_proposer_error,two_benchmark,2.0,,1709494273.0,1709505039.0,two_benchmark
0x5bed1996d8d8ff8caf100c03cc790b09444aa6841c9245edb077bd5aaee5d766,,Yes,No,No,False,True,corrected_proposer_error,two_benchmark,2.0,,1710117597.0,1710125115.0,two_benchmark
0x6bf8a16a0d31d4a2431ccad2ffa7341415ebdb3a63d7dcb7765c0a5d8ca92655,Ukraine responsible for Moscow attack? ,Yes,No,No,False,True,corrected_proposer_error,both,2.0,349784.9,1711694651.0,1711951568.0,two_benchmark
0x2141f4de7fa5f61591e7c50a3761d2cd01793875cbf64ea014fa2a955ec770c7,Kanye drops music in May?,No,Yes,Yes,False,True,corrected_proposer_error,frozen,2.0,9901.05,1717265994.0,1717281136.0,frozen
0x8a05f4cc458c938152f6d2d9152cd3358a81f7dea570cbe4a46ad39603f5d34b,"Will Trump say ""mog"" in 2024?",No,No,Yes,False,False,uncorrected_oracle_error,frozen,3.0,252492.688881,1719814476.0,1735716162.0,frozen
0xa13ac87de70f1fb7b1798f793109394369cc9c21dbcc9cba30b4f3c3fd615695,,No,Yes,Yes,False,True,corrected_proposer_error,two_benchmark,2.0,,1720396113.0,1720744076.0,two_benchmark
0x7900a0d9619f45ef6ef93ef915d294e4f4116692227e0ab5bbe97a82e94591b8,Derivatives_Ape/Prometheus arrested this year?,Yes,No,No,False,True,corrected_proposer_error,both,2.0,362061.363409,1720778092.0,1735750348.0,two_benchmark
0x5d2f7f958eeb52835fc4bcbb86d5a89ee8b51a7263a065b8b4699db6a8ce6562,Fact Check: Was it a real gun?,No,Yes,Yes,False,True,corrected_proposer_error,frozen,2.0,47597.01,1721084091.0,1721093455.0,frozen
0x1f4982110ff957efebc6e7f062364c0713f36071d72f33da7d7e6ef58b4b0ee9,CrowdStrike outage fixed by Noon?,Invalid,No,No,False,True,corrected_proposer_error,frozen,2.0,16522.36,1721407449.0,1721420776.0,frozen
0x38cfedbb65800a6c48a8f45289266898090212fefc9b4f3837902efdca49270a,Democratic Blitz primary?,Yes,No,No,False,True,corrected_proposer_error,both,2.0,345851.82,1721854687.0,1722575435.0,two_benchmark
0xbd00b7bbe9cfd644555601eab5e6839d300f157655c7398e52363d65ca31d60e,Will Kamala Harris be the Democratic VP nominee?,Yes,No,No,False,True,corrected_proposer_error,frozen,2.0,1397015.7,1722940670.0,1723162853.0,frozen
0xc2d728a0c634f0b453d51e61759041cd054706ca808041a44ed07a7986946479,Olympic Basketball: USA vs. Brazil,No,Yes,Yes,False,True,corrected_proposer_error,frozen,2.0,161674.15,1722978648.0,1722989961.0,frozen
0x8ac895dff15e7b295051dc3c93e70c73ba3c868ebcbeca5dcf405f8db28531fc,,Yes,No,No,False,True,corrected_proposer_error,two_benchmark,2.0,,1723280386.0,1723316140.0,two_benchmark
0xb5c67f0d83f0e342693f27754be4571101be8942784f32191bec474923b47293,,No,Yes,Yes,False,True,corrected_proposer_error,two_benchmark,2.0,,1724211134.0,1724545246.0,two_benchmark
0xd83761ddfb25825d6f9088404877e9f78a91dfff40dadc240e30067adbd517da,,Yes,No,No,False,True,corrected_proposer_error,two_benchmark,2.0,,1724211918.0,1724545250.0,two_benchmark
0xd6c8c866c3b252929ff18d00abe8edec43866b6791382256845999eee7f21516,,No,Yes,Yes,False,True,corrected_proposer_error,two_benchmark,2.0,,1725470964.0,1725479164.0,two_benchmark
0x9c3ab864d01f3a5c02d848f26da575eddb01057ed05ce16d709196dca4c7b165,Kamala positive favorability by Friday?,No,No,Yes,False,False,uncorrected_oracle_error,frozen,2.0,70632.178597,1726320773.0,1726366951.0,frozen
0xe18f13015fd51500477b861f9431db207fc10c926055f76b17dc22af4f1485b0,Eric Adams out as NYC mayor by Friday?,Yes,No,No,False,True,corrected_proposer_error,both,2.0,56080.850875,1727349621.0,1728108158.0,two_benchmark
0x831ebc7fa8c94d42d526bd6ed622afde66cbbaaa2f14a480072d7b5e58f0c7ec,Unrealized gains tax passed before election day?,Yes,No,No,False,True,corrected_proposer_error,both,2.0,108965.10334,1727373801.0,1731111756.0,two_benchmark
0x41978edfccb79f26481d6b53bac4afb6cd70a206d00c3b8bc079df0fc1978145,Will Russia capture Vuhledar before October? ,Yes,No,No,False,True,corrected_proposer_error,both,3.0,225474.919925,1727724719.0,1728073302.0,two_benchmark
0xab66a7d5745fc4da8a30a67665ee1de894b740644e643a6c6ec39b17212e4df5,Will Israel invade Lebanon in September?,Yes,No,No,False,True,corrected_proposer_error,both,3.0,13817736.165943,1727748309.0,1728346952.0,two_benchmark
0x768f007ea6976d3a38abe474307fabda0abea54da81594c4a35db569ba2f14d7,"Will Trump say ""Debate"" during Wisconsin speech October 1?",Yes,No,No,False,True,corrected_proposer_error,frozen,2.0,190878.902941,1727814608.0,1727822256.0,frozen
0xc26223a4fba66d63dc67e8e24d141c56479a33be8c99318c5ad9afa7896418b2,AL Wildcard: Royals vs. Orioles,No,Yes,Yes,False,True,corrected_proposer_error,frozen,2.0,26404.400254,1727821420.0,1727833608.0,frozen
0x92777db3ea0afd0af04ea04eb5b50d23364d0d231e47380f3be104f663a78f50,Kamala Silver Bulletin odds >55% Friday?,Yes,No,No,False,True,corrected_proposer_error,both,2.0,38541.814832,1728118255.0,1728682618.0,two_benchmark
0xa8d6d1a85165b4956fac8be23b8cdbd73e14e89dcf620e5203c2d3d6a2a60f7e,Who's out first: Benjamin Netanyahu or Yahya Sinwar?,Yes,No,No,False,True,corrected_proposer_error,frozen,2.0,47313.166601,1729195254.0,1729229553.0,frozen
0xd4fdd616eafd8fd0f5329c72c41426d20b70d0f97cc8dd5e27e69f84c4f0637e,"Will Trump say ""China"" 10 or more times during Pennsylvania rally on October 19?",No,Yes,Yes,False,True,corrected_proposer_error,frozen,2.0,173792.91634,1729381553.0,1729389409.0,frozen
0xa4223d4f2d55eb1fb737fcc37856259a43e6b296c5a334e77c960a8a840101c2,"Will Trump say ""skibidi"" before the election?",Yes,No,No,False,True,corrected_proposer_error,both,3.0,419108.388076,1730383978.0,1730950648.0,two_benchmark
0x147334c45787b41b3feb7d2593f7dea8ee8e9663eb00e855e8d5d464ee43dd7f,"Will Trump say ""vote"" 30 or more times during Virginia rally on Nov 2?",No,Yes,Yes,False,True,corrected_proposer_error,frozen,2.0,96824.220362,1730592385.0,1730603249.0,frozen
0x59eb9f2b0fe6ff80e5c34b27e927c2290473c1f6b71f28e754c9400d2e96b8ce,,Yes,No,No,False,True,corrected_proposer_error,two_benchmark,2.0,,1730911019.0,1730919749.0,two_benchmark
0x4eeadb135f31968641fab8ae9e5924e5c3bf60b26b36b491353962d6a5ce15b1,,Yes,No,No,False,True,corrected_proposer_error,two_benchmark,2.0,,1731016557.0,1731024191.0,two_benchmark
0xb3ce51df1a565d746c89cfb40fbe33907c97bb390fb311d69e27259bcb66a888,Knicks vs. Suns,Other,Yes,Yes,False,True,corrected_proposer_error,frozen,2.0,230793.233707,1732166867.0,1732176450.0,frozen
0x82694b2b811667c69bc22821a2505d2329d95da5ba39976ac0c3281eaf91fc4d,,Yes,No,No,False,True,corrected_proposer_error,two_benchmark,2.0,,1732566850.0,1732574290.0,two_benchmark
0xb88b4e226ed108c28835808fbd12a1900a73b3151963c862ed64e99505c436e6,Israel x Hamas ceasefire in 2024?,Yes,No,No,False,True,corrected_proposer_error,frozen,2.0,3950958.939736,1732669231.0,1735715528.0,frozen
0x512bd8456ccfc5cae093399fbf734480cca0626700b68fadac9fde37611948d4,,No,Yes,Yes,False,True,corrected_proposer_error,two_benchmark,2.0,,1732744451.0,1732752150.0,two_benchmark
0xbe70199b6415589eec1e4ff27ad4f1397dd20d6be756553adc8247fca428e3b3,"Will KJP say ""pardon"" during next press briefing?",No,Yes,Yes,False,True,corrected_proposer_error,frozen,2.0,16519.063021,1734718405.0,1734727946.0,frozen
0xbc132a82b2cb740fa3b2aeb5c0148401073cf5d9df1337d10ac1685f32b09a3d,Congress pay raise removed from funding bill by Friday?,No,Yes,Yes,False,True,corrected_proposer_error,frozen,2.0,1663428.527897,1734798382.0,1735086447.0,frozen
0x14c1f492176703743f931647fe1288869619c941e44e011be4c79258fdcb8078,Will Texas and Clemson combine for 51 or more points?,No,Yes,Yes,False,True,corrected_proposer_error,frozen,2.0,18424.300371,1734824725.0,1734832407.0,frozen
0x122eedae4864d1ce47a589402e54aef50a5355fcfe24875e6a45663f827ddc90,Pistons vs. Lakers,No,Yes,Yes,False,True,corrected_proposer_error,frozen,2.0,288329.77342,1735019671.0,1735027051.0,frozen
0x53e327f900e34a6af2faeb320c4e88f039bc2b5c11f8ffb9ec1d1a1ed6ff077e,,Invalid,No,No,False,True,corrected_proposer_error,two_benchmark,2.0,,1735690641.0,1735950155.0,two_benchmark
0x3116fbd43a78c5d2081d5486a52832f740fae6bcd908838beaf75a10b7681e07,Will Bitcoin hit $90k or $100k first?,Other,No,No,False,True,corrected_proposer_error,frozen,2.0,83549.620059,1736977090.0,1736992052.0,frozen
0x0efe5b8d0c680f24a7ce71379e8f5bf58318018649bc07722f6656f834d58298,Will Biden issue more pardons than Trump?,Yes,No,No,False,True,corrected_proposer_error,both,3.0,477911.198087,1737110570.0,1737404248.0,two_benchmark
0xf1f4f92abb9fbc53bd197589158530b138c8ce40472f48fd69b9613d9a37079b,Will Caitlyn Jenner attend presidential inauguration?,Yes,No,No,False,True,corrected_proposer_error,frozen,2.0,495365.539858,1737399680.0,1737678181.0,frozen
0x3254f16fb7fbf7c8b00ff7507fef145d69aaca832967446fb8090c3f5de0c9f4,Will Trump issue an executive order on Day 11?,No,No,Yes,False,False,uncorrected_oracle_error,frozen,3.0,1938734.608911,1738304088.0,1739060567.0,frozen
0xcc717dfecf9ce713b4e2e9dd5baa4f249826dc5e61403669f2143b32743aebb6,"Will Trump say ""Somalia"" during his February 4 press conference with Netanyahu?",No,Yes,Yes,False,True,corrected_proposer_error,both,2.0,26638.635295,1738707190.0,1738723063.0,two_benchmark
0x91398dfc328a27d9e7113473481977cf541d4211989b592a870282fad1f94aaf,,No,Yes,Yes,False,True,corrected_proposer_error,two_benchmark,2.0,,1738717038.0,1738724565.0,two_benchmark
0xe9fb8ef93cab933113c8de38644b73b2d339e9331c5c85669408ede717ba165b,,No,Yes,Yes,False,True,corrected_proposer_error,two_benchmark,2.0,,1738990810.0,1739000188.0,two_benchmark
0xf0ebfd35a5f35da9b652178ecb7747cc6f3de550edaff3b660469bc8d6791910,Will Toyota run an Ad during Super Bowl LIX?,Yes,No,No,False,True,corrected_proposer_error,frozen,2.0,952005.511897,1739166972.0,1739406165.0,frozen
0xb6ef4ee16da2e6530b1e4000302fb15fc915a1ef898c5677eee563cbf58f8e3e,Will Trump sanction Russia before March?,Yes,No,No,False,True,corrected_proposer_error,both,2.0,394677.321372,1739381158.0,1740834466.0,two_benchmark
0x454ffbc2b613f578e6cfaf60caddf21e95378aa23086fd232e289b9412da4d33,,Other,Yes,Yes,False,True,corrected_proposer_error,two_benchmark,2.0,,1739461247.0,1739469155.0,two_benchmark
0x1169203559c27fcf866517a36ee0afb13ceda948a62aaee4908e55c7598ac5a0,Lamar vs. Northwestern State,No,Yes,Yes,False,True,corrected_proposer_error,frozen,2.0,3296.452788,1739844922.0,1739852850.0,frozen
0x276b0789a7c5c71be2697ef0fcd9c67ad431548b628f39a8e2e559c50e8a8885,Alabama A&M vs. Arkansas-Pine Bluff,No,Yes,Yes,False,True,corrected_proposer_error,frozen,2.0,7135.083627,1739844974.0,1739853157.0,frozen
0xe7972ac2438814a05b0eaa8a4021b6132b22c5c913be6549c6a54fb7254bf67d,Ducks vs. Red Wings,Yes,No,No,False,True,corrected_proposer_error,frozen,2.0,135569.796842,1740361886.0,1740369454.0,frozen
0xcc26d2c6b0f360df2c0a4aac3f0153c7ca5ce8042d18974fac1f6f5b809768ac,Pennsylvania vs. Cornell,Yes,No,No,False,True,corrected_proposer_error,two_benchmark,2.0,9.357866,1740793420.0,1740801168.0,two_benchmark
0x343fd3827e0b6b6905910d7aa010d29e7dc9e60e93cd338604b8d05972841e32,Georgia State vs. Georgia Southern,Yes,No,No,False,True,corrected_proposer_error,frozen,2.0,1113.545452,1740799832.0,1740807757.0,frozen
0x59fb39263d5d47c5454893681d1397548cb8acec9c6aa3964bcfa705cc2b503d,"Will Donald Trump say ""China"" during Crypto Summit on Friday?",Yes,No,No,False,True,corrected_proposer_error,frozen,2.0,585333.321083,1741381551.0,1741390115.0,frozen
0x44f9ed6c406ea486b5b19003d4502ef410c920a0fcd20d5a0c4909105cfb7f13,"Will Trump say ""Hell"" 3+ times during his presser with Ireland PM?",No,Yes,Yes,False,True,corrected_proposer_error,frozen,2.0,26079.814729,1741817569.0,1741825652.0,frozen
0x22ef905d2c1f47b416c783a43cf06eea3cd73732ca0ed4d021aab8423924bdb3,Will Fed end QT before May?,Yes,Yes,No,False,False,uncorrected_oracle_error,frozen,2.0,6253067.825541,1741927072.0,1742170997.0,frozen
0xb9b57eff8e0a14b212185554587d9bab1cc80a5c7a43300d4835d02a4005d22a,Will the U.S. recognize Syrian government by March 31?,Yes,No,No,False,True,corrected_proposer_error,both,3.0,905647.225961,1743452791.0,1743739370.0,two_benchmark
0x9f65517eb17b4fa4a7c35fbb8b010b86438b5f91dacd92332d782f5240ee9fb8,Will Trump increase sanctions on Russia before June?,Yes,No,No,False,True,corrected_proposer_error,both,3.0,564665.050523,1743603214.0,1748765441.0,two_benchmark
0xf02d036ced08b2c6edcc2893b238b4baf1be94200d464654c3c062d7d6d120a5,Will anyone audibly fart during tariff event on April 2?,Yes,No,No,False,True,corrected_proposer_error,frozen,2.0,1053806.795783,1743629000.0,1743898966.0,frozen
0x1cbc918ac40ea4ebbe87cb47d7d59f42db643d562df4016c4f4052f124b0e9a1,,Yes,No,No,False,True,corrected_proposer_error,two_benchmark,2.0,,1743769863.0,1743778051.0,two_benchmark
0x82cef6135a86e95e88e50c302ddf679ac5186cdfa17c3cbca929e8ebe63d3e06,"Will Trump say ""Prize"" during Norway PM events on April 24?",No,Yes,Yes,False,True,corrected_proposer_error,frozen,2.0,10908.257965,1745553208.0,1745568174.0,frozen
0x0a108ca54ad1ae854323a357eba42c84115a2570bbdacfbb8acfc50e6a52d09f,,Yes,No,No,False,True,corrected_proposer_error,two_benchmark,2.0,,1745691540.0,1745699250.0,two_benchmark
0x6ae09ce85f7d27d2cf8fd96f2567022b552fe3aa0d830aeb5f1e73c2c883ccf9,Canada election called by midnight?,No,Yes,Yes,False,True,corrected_proposer_error,frozen,2.0,2080039.122137,1745899204.0,1746145842.0,frozen
0xf1f9fe94231dafe2306f541b6a19f3975cef7c4be2d8c89ec09a86b855cf816a,,No,Yes,Yes,False,True,corrected_proposer_error,two_benchmark,2.0,,1746409086.0,1746417330.0,two_benchmark
0xf621d663cd59fc4f7673d0b2c8705455f70d54b4588476eb82c9ac69b38dd4dc,,Yes,No,No,False,True,corrected_proposer_error,two_benchmark,2.0,,1746409086.0,1746417336.0,two_benchmark
0xe5d9b2668461443c9b9aac4bbbbb356acfccf42edb13148c4c9e12c1a0923c23,Solana above $190 on May 16?,Yes,No,No,False,True,corrected_proposer_error,frozen,2.0,351889.955868,1747411263.0,1747419043.0,frozen
0x0538834fe16e0e505f5425a735c8295de9cb9f2e27115d549e66e41a4a7d48ba,U.S. enacts AI safety bill in 2025?,Yes,No,No,False,True,corrected_proposer_error,both,2.0,128939.357411,1747707994.0,1767263313.0,two_benchmark
0xbbeea892dd7c00356a01ad562146236f8e4a48ab4852d119676a41832a9edb9d,Will Romania's court annul the presidential election?,No,No,Yes,False,False,uncorrected_oracle_error,frozen,3.0,1337263.70444,1747925517.0,1756706972.0,frozen
0xa15e1e39a25ccf57d1302f2ee53d0ec8d3b915d17ac23602d073c4e491b33f0f,"Will Trump say ""Genius"" this week?",No,Yes,Yes,False,True,corrected_proposer_error,frozen,2.0,23388.198838,1748059201.0,1748084101.0,frozen
0xcd73c1b877e425502a94018c112ae5e45e42bfa4c5bff2d86a20df3453b54ea9,,Other,Yes,Yes,False,True,corrected_proposer_error,two_benchmark,2.0,,1748129052.0,1748137229.0,two_benchmark
0x3b56dfd9b87a582bca9587f9ce7a80845a1342e701d9b3cffa60bcbdd1f62f2c,Will Canada lower tariffs on the U.S. before June?,Yes,No,No,False,True,corrected_proposer_error,both,2.0,23262.021331,1748603364.0,1748757861.0,two_benchmark
0x36e211f7e87ae3cf02cf2a138353f9b658e39109cd73614774c7a9eee6d01e92,,No,Yes,Yes,False,True,corrected_proposer_error,two_benchmark,2.0,,1748702362.0,1748710114.0,two_benchmark
0x6248a9509c89d1b45bafa0c2eb4388f8605a7544a40add7e27c4b66804004929,Will the price of Ethereum be less than $2400 on June 2 at 5 PM ET?,Yes,No,No,False,True,corrected_proposer_error,frozen,2.0,46191.557856,1748898065.0,1748905743.0,frozen
0x0f4d9792bdf45a5fa5f717cbe55d78107878854816374b2dd741f46062aba2b0,Will Iran close the Strait of Hormuz before July?,Yes,No,No,False,True,corrected_proposer_error,frozen,2.0,6088147.168028,1750906049.0,1751350423.0,frozen
0x89096b72f0a864e7d356b9cf18ab813a0b194ac53c56219a6bb49a63f6371f00,Trump cabinet member out before July?,Yes,No,No,False,True,corrected_proposer_error,both,2.0,205560.738844,1750951758.0,1751350265.0,two_benchmark
0x524a318eb105f5869a591cd1eb782c277e6f7317e79821a1fb41615e4bb68a90,"Trump cabinet member out by December 31, 2025?",Yes,No,No,False,True,corrected_proposer_error,both,3.0,87972.734909,1750951970.0,1767293195.0,two_benchmark
0x15802835fd404e531121242054bf9314931e4ccfc8141987f737cf7479cd5e58,Hyperliquid Up or Down on June 26?,Yes,No,No,False,True,corrected_proposer_error,frozen,2.0,1521.07866,1750953666.0,1750961752.0,frozen
0x596b23bcb24180c0525cb5c85c536601abb008132aac428215104ed1906ad58e,U.S. refuels Israeli jets for strikes on Iran before July?,No,No,Yes,False,False,uncorrected_oracle_error,frozen,2.0,876631.710226,1751342447.0,1751675468.0,frozen
0x4fb2bcfa0ec7edecd16b594d41fba1853ef908c0108a53445e1550c8748682ab,,Other,Yes,Yes,False,True,corrected_proposer_error,two_benchmark,1.0,,1751800029.0,1752209443.0,two_benchmark
0x18a95e83810d1c7c09850a2e6f410d3545047b9497a5cca186b2feee3e9878be,F1 British Grand Prix: Red Bull vs. Mercedes,No,Yes,Yes,False,True,corrected_proposer_error,two_benchmark,2.0,229.456201,1751827889.0,1751837757.0,two_benchmark
0x1603adac948c264550aa5fef5c1a4a867d135cc11d8bbef0ca99d3f65c548654,Leclerc vs. Russell,Yes,No,No,False,True,corrected_proposer_error,two_benchmark,2.0,777.190914,1751827889.0,1751838653.0,two_benchmark
0xdbe7c2f9a8307ece0ab968152062a33c14ddb7f7e86f1ed53d4fc4e3675f299b,MLB ASG: Will any other winning margin occur?,No,Yes,Yes,False,True,corrected_proposer_error,two_benchmark,2.0,684.0,1752638066.0,1752650999.0,two_benchmark
0xd4e7947fef685b3e50c253fa7d117624db2a9676661f3107652fa019cff70eb7,Israel x Syria security deal before September?,Yes,No,No,False,True,corrected_proposer_error,both,3.0,274448.636664,1752966984.0,1757010038.0,two_benchmark
0x636c68020efbdb6556bcacd78f07d7db8d9bb432233bd5d3b542081262217a63,Will Andrew Cuomo's first round margin of victory be less than 5%?,No,Yes,Yes,False,True,corrected_proposer_error,frozen,2.0,19254.952292,1753239281.0,1753246690.0,frozen
0x35bc1bf05846a2d4a72ff03f1c93b8f41ec6a45241a2292ddbb2c919dd7a68f3,Thailand strikes Cambodia by Friday?,No,Yes,Yes,False,True,corrected_proposer_error,two_benchmark,2.0,15037403.469426,1753502405.0,1753924005.0,two_benchmark
0xd4277abe4db82a7965645a1d39a90cace698d43f5d16dbf1b594315c3b10be03,"Solana Up or Down - July 29, 2PM ET",No,Yes,Yes,False,True,corrected_proposer_error,two_benchmark,2.0,25992.729814,1753815603.0,1753819463.0,two_benchmark
0x26595dbf6b04f6ec61c28936673e18fe2efe106ef1f5c203fc257acd455ed48b,Will the highest temperature in London be between 73-74°F on July 31?,Other,Yes,Yes,False,True,corrected_proposer_error,frozen,2.0,3009.332298,1754004266.0,1754012304.0,frozen
0xaa649eacdfdb74c86f56ce622b7e4468c5e6c14b7797a7b4cb4f3343399c3c7f,"Ethereum Up or Down - August 14, 3PM ET",Yes,No,No,False,True,corrected_proposer_error,two_benchmark,2.0,17872.583837,1755201600.0,1755205450.0,two_benchmark
0x13d14522b39c4a1c2b4c89df5e314675e9eb118542f494d0ce9f19d66a8a31f0,"Solana Up or Down - August 15, 12PM ET",No,Yes,Yes,False,True,corrected_proposer_error,two_benchmark,2.0,47393.498126,1755277204.0,1755281040.0,two_benchmark
0x54620f8adae30d6ec502cc35ad12219239f879a9f4bd6f3badbc3b55f0cffbac,"Ethereum Up or Down - August 19, 11AM ET",No,Yes,Yes,False,True,corrected_proposer_error,two_benchmark,2.0,144294.008356,1755619203.0,1755622953.0,two_benchmark
0x73d0d4511005bdca479e8de33dc0fa59d2cbeaddf3f6a144c0e0779422a8eee9,Will Elon tweet 210–224 times?,Yes,No,No,False,True,corrected_proposer_error,frozen,2.0,92764.366518,1755858386.0,1755865718.0,frozen
0x0d1a838ac5e4aeab823ed27f9db7ec7c69f512678563a2b556942eef3a8b33af,"Solana Up or Down - August 23, 7AM ET",No,Yes,Yes,False,True,corrected_proposer_error,two_benchmark,2.0,13397.938625,1755950405.0,1755954143.0,two_benchmark
0xccfff118dd5ea6cb578ae283ff40bf6aff1387b7d7f74b41a578303611e0b6fa,Will the price of Bitcoin be between $112K and $113K on August 28 at 4PM ET?,Yes,No,No,False,True,corrected_proposer_error,frozen,2.0,31487.813155,1756411261.0,1756418637.0,frozen
0xdf6f67c8abaa4bd2a602fe93698df7edad12b6d0f42d0b4f8b07c5550871ae6f,Will the price of Bitcoin be between $111K and $112K on August 28 at 4PM ET?,No,Yes,Yes,False,True,corrected_proposer_error,frozen,2.0,32694.114366,1756411261.0,1756418703.0,frozen
0x0e8530d6e3b75f16c0bab2affa4c250eaaf26c946a371f04a86485e5344053f2,,Yes,No,No,False,True,corrected_proposer_error,two_benchmark,2.0,,1756580517.0,1756588309.0,two_benchmark
0x9e0018f733a56eb858bfda00f2db4d737b8c0a2c34713d3a2bc89355311d73f9,Bitcoin Up or Down on September 1?,Yes,No,No,False,True,corrected_proposer_error,two_benchmark,2.0,886475.633578,1756742460.0,1756749986.0,two_benchmark
0x9ef0ace1369cbe0171d6c82650d8c8363778f66326e3e4ef8b18fb3c678ac1cc,"Bitcoin Up or Down - September 13, 4PM ET",No,Yes,Yes,False,True,corrected_proposer_error,two_benchmark,2.0,60869.782561,1757624869.0,1757801566.0,two_benchmark
0x0237d68ba8e36bea6fc6fc6835c88d46544da04009913ce171cec0cc6a8ea61a,North Korea missile test by September 15?,Yes,No,No,False,True,corrected_proposer_error,two_benchmark,2.0,173219.978262,1757759551.0,1758002434.0,two_benchmark
0x5422f15837786a0dcd9b2d2a4b5e2c0e80abea120f058cb6963db8beee9eb370,"Will the price of Bitcoin be above $108,000 on September 13?",No,Yes,Yes,False,True,corrected_proposer_error,two_benchmark,2.0,68485.789867,1757779262.0,1757790844.0,two_benchmark
0x9669810abb0c6ba60b0b25ee850716aa25d880c9e11f860bd082f7d6fb917967,,No,Yes,Yes,False,True,corrected_proposer_error,two_benchmark,2.0,,1757787858.0,1757795448.0,two_benchmark
0x569277806e73afdfddcb20821e99ef1e04a8dc81aff9468bce91b1f540d8b13c,"Ethereum Up or Down - September 17, 1PM ET",Yes,No,No,False,True,corrected_proposer_error,two_benchmark,2.0,37946.420583,1758132000.0,1758136832.0,two_benchmark
0x5080401d1e3249b29dbf28c0cb93e631b9a695aba478d9b20994ac4e65245a5c,"Bitcoin Up or Down - September 17, 1PM ET",Yes,No,No,False,True,corrected_proposer_error,two_benchmark,2.0,127133.733302,1758132000.0,1758136836.0,two_benchmark
0xfc55f81579bb481bbb3463b1076856f98a21e7831be23c10b9306294ca72c6ab,"XRP Up or Down - September 17, 1PM ET",Yes,No,No,False,True,corrected_proposer_error,two_benchmark,2.0,9397.89498,1758132000.0,1758136834.0,two_benchmark
0xe13135ec7608f85ded853f9a98ab90a6859290fe223cfd1441e0a7ede324c03a,"Solana Up or Down - September 17, 1PM ET",Yes,No,No,False,True,corrected_proposer_error,two_benchmark,2.0,11182.08106,1758132000.0,1758136834.0,two_benchmark
0x81838c9ccd915a875037a30f712ee975469fc8d6641334665c2e9fe14b21754c,"Will Trump say ""Hottest"" during events with UK Prime Minister on September 18?",Yes,No,No,False,True,corrected_proposer_error,two_benchmark,3.0,1386620.036399,1758198624.0,1758760411.0,two_benchmark
0x12f3942711b5ae2f1940c0132ec9181616013bec10a96438928aa8ea29647fae,Will Göztepe SK win on 2025-09-19?,No,Yes,Yes,False,True,corrected_proposer_error,both,2.0,22213.178639,1758294122.0,1758318074.0,two_benchmark
0x29de208cfc3807b84df093d56ebbd6874027a2167bd273ef37d1117a0209dc63,Will Beşiktaş JK win on 2025-09-19?,Yes,No,No,False,True,corrected_proposer_error,both,2.0,23338.404555,1758294122.0,1758318062.0,two_benchmark
0x9abab2195812e3e67ff6591f2f93812c7dcd575fe95abd55bcfab77e93203c31,,No,Yes,Yes,False,True,corrected_proposer_error,two_benchmark,2.0,,1758394936.0,1758403146.0,two_benchmark
0x21980db61ffc901e845d7b845c75bbd1cb1d748f94479db4e0c9e310a8a9f68e,Will Galatasaray SK win on 2025-09-22?,No,Yes,Yes,False,True,corrected_proposer_error,both,2.0,64710.920052,1758546110.0,1758574588.0,two_benchmark
0x67a7ca927b7a08ce9c25e517e43fe05fa3810bf4764b4918d0831226ac4be164,Will Konyaspor win on 2025-09-22?,Yes,No,No,False,True,corrected_proposer_error,both,2.0,19040.394687,1758546112.0,1758574592.0,two_benchmark
0x9c45a0f4c25ac45f2433aef49ce35e7e9b3cd27f5b6a934c21f0498c2b2c7958,Will PSV win on 2025-09-27?,No,Yes,Yes,False,True,corrected_proposer_error,frozen,2.0,18573.114145,1759002889.0,1759010915.0,frozen
0xa74395511cd7794ce319d92b85b3aa3d1a233c3d74a2620e0d7585a16d9b1738,Will Inter Miami CF win on 2025-09-30?,Yes,No,No,False,True,corrected_proposer_error,both,2.0,18362.276681,1759265447.0,1759289969.0,two_benchmark
0xf9e69569a72bd425ed5d0917fb155234954f4ea6d4f5188dc41cc8e8032ac709,"Will Leavitt say ""Go ahead"" 5+ times during next White House press briefing?",No,Yes,Yes,False,True,corrected_proposer_error,two_benchmark,2.0,39722.822628,1759348461.0,1759361853.0,two_benchmark
0x0b1832924a621e18cced93f770038c39c73395a4e741c7ff6e33d780055b8619,Padres vs. Cubs,No,Yes,Yes,False,True,corrected_proposer_error,two_benchmark,2.0,913857.664766,1759356217.0,1759364139.0,two_benchmark
0xe9244aa6452455c4a849cf6d0e50d5f924d0837a9355c5b6f7d880d435cf891b,Spread: Western Michigan (-12.5),No,Yes,Yes,False,True,corrected_proposer_error,two_benchmark,2.0,27371.527442,1759613834.0,1759622090.0,two_benchmark
0x5c113250530a467bea461546256f6d8db2c035214fb2395be3118f0068bb3997,Spread: Western Michigan (-13.5),No,Yes,Yes,False,True,corrected_proposer_error,two_benchmark,2.0,3491.611,1759613834.0,1759622034.0,two_benchmark
0x7cf67c5cb11000809c8698f3bafdf5d60abad28b80938cfdc7be0fae68b8dd27,LoL: StormMedia Fajnie Mieć Skład vs The Otter Side (BO1),No,Yes,Yes,False,True,corrected_proposer_error,two_benchmark,2.0,6622.228637,1759762747.0,1759771574.0,two_benchmark
0xe6c2eae84c0768ae805d0ef602c026ed03f504ddc50f9022f6a27edf0c0d2cdc,Toledo vs. Bowling: O/U 50.5,No,Yes,Yes,False,True,corrected_proposer_error,two_benchmark,2.0,4035.07,1760211942.0,1760220055.0,two_benchmark
0x8a6cdc6b4db49f612c97b725ede3fcf1cf77b3c3453c9d70adafe67a0ad6bfb3,O/U 49.5,No,Yes,Yes,False,True,corrected_proposer_error,two_benchmark,2.0,2426.99,1760211942.0,1760219759.0,two_benchmark
0x1cd698ba57e2516186a4663813858769004623c3a8d2db5724813eeb31725d56,Nets vs. PHO: O/U 226.5,Yes,No,No,False,True,corrected_proposer_error,two_benchmark,2.0,535.1,1760310525.0,1760317921.0,two_benchmark
0x3aa0f617ef53a486dd61632fffff2a765a06e166da5b3b383b2161d52d5090c9,BNP Paribas Nordic Open: Elias Ymer vs Mikael Ymer,No,Yes,Yes,False,True,corrected_proposer_error,two_benchmark,2.0,32992.602165,1760470181.0,1760480785.0,two_benchmark
0xab64fe2d2134eebaa2c87c9cdbcd82f3d8ca5af91172b3f6dbf562072a109e5d,Will Alibaba have a #1 AI model this year?,Yes,No,No,False,True,corrected_proposer_error,both,2.0,182890.862735,1760756276.0,1767290791.0,two_benchmark
0x1079f3f993c6d0ea5f8d84c03fbd3a8c5ffceb1d1c449425990832fd46b481e4,Will CF Cruz Azul win on 2025-10-21?,Yes,No,No,False,True,corrected_proposer_error,frozen,2.0,218898.376828,1761102054.0,1761111958.0,frozen
0xe7e4954aa4e2ceb2cb948f4ac39771677dd02b8ae6bfd4cfcf535428cd82f573,Will Club Necaxa vs. CF Cruz Azul end in a draw?,No,Yes,Yes,False,True,corrected_proposer_error,frozen,2.0,130169.480193,1761102054.0,1761111920.0,frozen
0x57dddade414e3229b7404dab8605a9c815ea3677ed99d2695ea97878bc453e6c,Spread: Como (-0.5),Yes,No,No,False,True,corrected_proposer_error,two_benchmark,2.0,15148.719268,1761404053.0,1761412049.0,two_benchmark
0xd9ffe894908c8283adb54aef0f1e7c8a543f4126170430615fd36b338816bef4,Spread: Hull City AFC (-0.5),Yes,No,No,False,True,corrected_proposer_error,two_benchmark,2.0,23369.973875,1761407625.0,1761421955.0,two_benchmark
0xc23e8f58fba4c17b961c35c536070ec098b5d2186f320e50345e4f2cd03dbba1,Spread: Middlesbrough FC (-0.5),Yes,No,No,False,True,corrected_proposer_error,two_benchmark,2.0,277.0,1761407825.0,1761416025.0,two_benchmark
0x9716becd9b6d77bb80e1d519f1e5099103e3befb38ee232cfcee059ca0c5b65c,Spread: AS Monaco FC (-1.5),Yes,No,No,False,True,corrected_proposer_error,two_benchmark,2.0,1886.879082,1761418611.0,1761437569.0,two_benchmark
0xa863a0702f99f80b0934a117b4fdeff5ebd09bee5aba49b845c6aa1f838a1aa3,Will CD Atlético Tordesillas vs. Burgos CF end in a draw?,No,Yes,Yes,False,True,corrected_proposer_error,frozen,2.0,1691.697863,1761683497.0,1761691427.0,frozen
0x7cd75d04bc667b69e1e17fb1a43efdb53dc37a5b3e2a77b55cd658dbcd627d11,Will Burgos CF win on 2025-10-28?,Yes,No,No,False,True,corrected_proposer_error,frozen,2.0,5938.807213,1761683497.0,1761691613.0,frozen
0xf49b6a1e61d3dc08ca157e5625a8b8c0befb087fe21f706dae1541b505a5d1e2,Katy Perry and Justin Trudeau confirmed relationship by October 31?,Yes,No,No,False,True,corrected_proposer_error,two_benchmark,2.0,6152916.306385,1761704469.0,1762216321.0,two_benchmark
0x9bee00dee067964c156624aca76790ee5ce79936cda7987a34826ff6ffef0376,"Will Amazon say ""Sponsored Products"" during earnings call?",No,Yes,Yes,False,True,corrected_proposer_error,two_benchmark,2.0,90.0,1761909304.0,1761917378.0,two_benchmark
0xe61e3d10044679ed183d559f0104b97b00654209b406cc2a460a262a94784b21,Will Newport County AFC win on 2025-11-01?,Yes,No,No,False,True,corrected_proposer_error,two_benchmark,2.0,70.0,1762018351.0,1762037210.0,two_benchmark
0xc0a1484fa633f8a3ba82a4150a58dc35980bb05a6a0db47cc6cb0abfd32faabc,Will another player hit the most home runs in the 2025 MLB Postseason?,No,Yes,Yes,False,True,corrected_proposer_error,two_benchmark,2.0,0.0,1762057296.0,1762068381.0,two_benchmark
0xc0198c9dc1c0529d3485d296e5a9e6ef93a8d8aaa44ffeb999a64f3dfc4a654a,"Will Trump say ""Eight wars"" during C5+1 Summit on November 6?",Invalid,Yes,Yes,False,True,corrected_proposer_error,two_benchmark,2.0,9294.78183,1762475441.0,1762483425.0,two_benchmark
0x1ef2c99082ac6ec1f6ec8f8f856c59e774deaef78e4dfcc43904f537b1b731d3,"Solana Up or Down - November 13, 3PM ET",No,Yes,Yes,False,True,corrected_proposer_error,two_benchmark,2.0,136416.59085,1763067604.0,1763072022.0,two_benchmark
0x51a0c64d5c9f517d5a793377446b0624ce20563ac82a657f085719c67cbc9b82,Will Trump’s approval rating be less than 41.5 on November 14 2025?,No,Yes,Yes,False,True,corrected_proposer_error,frozen,2.0,76685.896238,1763208237.0,1763215779.0,frozen
0xc6fe1e09610ae0d2240e5ab49fabf280c0f4ff226a23e53a49528b7c769fbe65,"Will ""The Running Man"" Opening Weekend Box Office be between 17m and 19m?",Yes,No,No,False,True,corrected_proposer_error,both,3.0,476356.441714,1763353279.0,1763606593.0,two_benchmark
0x83dbd4f243e5c5068dcbb6c86aa4f6e3784a7de96c041d3d2e5d8534b44240f7,Counter-Strike: JiJieHao vs K27 (BO3),Invalid,Yes,Yes,False,True,corrected_proposer_error,two_benchmark,2.0,200.0,1763411557.0,1763436747.0,two_benchmark
0xaa02d329cf4ece13fb6d3806e4dad5dc0ced621565c7eed9fac1fea9de001543,Games Total: O/U 2.5,Invalid,No,No,False,True,corrected_proposer_error,two_benchmark,2.0,,1763412243.0,1763436747.0,two_benchmark
0xa8f48fc2e268d29c8a0a5dfa26892ed56fcd60ee36dba407ea5ed331602dcd80,Games Total: O/U 2.5,Invalid,No,No,False,True,corrected_proposer_error,two_benchmark,2.0,50.475566,1763413759.0,1763434793.0,two_benchmark
0x6e0087ef434dcb87afd2a8a543bf251cfe955fe4cbd0717aab15af41a607b0d9,Counter-Strike: Nuclear TigeRES vs ARCRED (BO3),Invalid,Yes,Yes,False,True,corrected_proposer_error,two_benchmark,2.0,6463.946507,1763413853.0,1763433919.0,two_benchmark
0x1d039941b393f61a08567d37ef2e45bc3e7b19984d186c5e7ab4e06243c3ad9d,Will Trump establish a Gaza “Board of Peace” in 2025?,Yes,No,No,False,True,corrected_proposer_error,two_benchmark,2.0,576572.033798,1763483901.0,1767256907.0,two_benchmark
0xd2449c9ac40fe0fafd90789151b8e68145b1c156da7f7aba8cde94e5143d8f2c,Will Lot 3 Pablo Picasso’s “Trois personnages” sell for 700k or more?,No,Yes,Yes,False,True,corrected_proposer_error,two_benchmark,2.0,6781.934063,1763529243.0,1763537109.0,two_benchmark
0xebafba817965feb3d8dc6d77eaea3bfbe37d2a8972588f8fc2a86ae2cff3c51f,FIDE World Cup 2025 Quarterfinals - Yi vs Erigaisi (Advances),No,Yes,Yes,False,True,corrected_proposer_error,two_benchmark,2.0,13530.743033,1763552747.0,1763560357.0,two_benchmark
0x890671f885d08307a469257093597c6973d7833089b0cc3c263018fabf96655a,Will Zohran Mamdani praise Donald Trump on Friday?,Yes,No,No,False,True,corrected_proposer_error,two_benchmark,2.0,2843259.076106,1763774283.0,1764117335.0,two_benchmark
0xea0aa58b264d7292da2ffd5209138bbe342586f04ef59448a9e19f0025e5379c,Will Sheffield United FC win on 2025-11-23?,No,Yes,Yes,False,True,corrected_proposer_error,frozen,2.0,126875.633457,1763906267.0,1763913789.0,frozen
0x4b1d8bb2fc93505ea0be95591838dfac7e7cbc12ebe38e6091731c4e3ddb8bf8,"Bitcoin Up or Down - November 24, 9AM ET",No,Yes,Yes,False,True,corrected_proposer_error,two_benchmark,2.0,221225.864334,1763996401.0,1764000203.0,two_benchmark
0x066616cdd46db8d89c55e2f0de293ac3bb7d8f633938deca24987c7d77b872f7,Will Club Tijuana win on 2025-11-27?,No,Yes,Yes,False,True,corrected_proposer_error,both,2.0,16928.789538,1764227151.0,1764235645.0,two_benchmark
0x1f5011e27bff3a62751ced0474fd82e87f8666874f36b8b737e0cf741e2b58c1,Spread: Tulane Green Wave (-9.5),No,Yes,Yes,False,True,corrected_proposer_error,two_benchmark,2.0,28478.440075,1764367833.0,1764378567.0,two_benchmark
0x6c2f7cdf889c3269a40517444d7071dc52e6a7c3aefb8aedcd049dbe7defbacd,Spread: Tulane Green Wave (-8.5),No,Yes,Yes,False,True,corrected_proposer_error,two_benchmark,2.0,26819.591347,1764367833.0,1764377783.0,two_benchmark
0x322425c0c29dc9ad17f6d15f167a82e0c5ccecc562a055cd210b9cdaa9138d15,Will Tesla reach $430 in Nov 25-28?,No,Yes,Yes,False,True,corrected_proposer_error,two_benchmark,2.0,13992.971225,1764368707.0,1764381719.0,two_benchmark
0xb09e2807af9df874e859d0fc6c3570fa485df17007c411ad27ea47ff2a046027,Will Stade Lavallois Mayenne FC win on 2025-11-29?,No,Yes,Yes,False,True,corrected_proposer_error,both,2.0,1212.0,1764436495.0,1764444481.0,two_benchmark
0x23d95299c93c2533f0dd5a941e5ff230f2f52934fbb38d5e388f41b18d547528,Mason Taylor: Anytime Touchdown,Yes,No,No,False,True,corrected_proposer_error,two_benchmark,2.0,4581.171575,1764554556.0,1764570134.0,two_benchmark
0xc8215750649f77497c9a325c33678c77fbd332d16e920298b0d4ffa05035c181,,No,Yes,Yes,False,True,corrected_proposer_error,two_benchmark,2.0,,1764565204.0,1764816439.0,two_benchmark
0x9258f3aa2eeb9b09f38f6bf0e011873592ae463f917634ebdf4609c7d42dfefc,Will Zohran Mamdani win by less than 5%?,Yes,No,No,False,True,corrected_proposer_error,frozen,2.0,99727.645417,1764711649.0,1764719771.0,frozen
0xbef6dc679e1b8f2c72f0e3e60550a5c9268324a9d714dd081a0d3cdaa0cceaa8,"Will Trump say ""Hell"" 4+ times during Cabinet Meeting on December 2?",No,Yes,Yes,False,True,corrected_proposer_error,two_benchmark,2.0,1293096.892982,1764721525.0,1764981401.0,two_benchmark
0xc411c6a1a76e066e886fed782b401575d3133e3b627863b8468688babb7e094d,Maple Leafs vs. Panthers: O/U 5.5,Yes,No,No,False,True,corrected_proposer_error,two_benchmark,2.0,54149.249497,1764731109.0,1764740213.0,two_benchmark
0xfcac66a8e13c3ecf7781e6df4bbc4f6dd8d13f2e912fa34c8e2f74fd53371dfe,Will Mikey Madison be ranked #1 globally in Google’s Year in Search 2025 Actors?,No,Yes,Yes,False,True,corrected_proposer_error,frozen,2.0,306433.274741,1764821351.0,1764829573.0,frozen
0x4ef25537a6c6d86e601eb75b4f5468fc0902fd39005b0beba4d56a00f0bdaa1a,Will Golden by HUNTR/X be the #1 searched song on Google this year?,Yes,No,No,False,True,corrected_proposer_error,frozen,2.0,60477.619323,1764826995.0,1764842423.0,frozen
0xf53e9841eed9be6b081bd33eed81a70368cc8480bb30e52e2daf8cda431193a2,Will Charles Leclerc finish fifth in the 2025 F1 Drivers Championship?,No,Yes,Yes,False,True,corrected_proposer_error,frozen,2.0,45723.436867,1765125329.0,1765134985.0,frozen
0xdba5e45529f3f367ffba4fa217b59e86f3cf48cf9ca84da4ff5cc0182f490f77,Northern Kentucky Norse vs. Bellarmine Knights: O/U 151.5,No,Yes,Yes,False,True,corrected_proposer_error,two_benchmark,2.0,8329.231463,1765659381.0,1765669345.0,two_benchmark
0xcf321274d333c582a160a821a50b6472e93fdab8b333139f0e2a1d43569f3e95,Spread: Northern Kentucky Norse (-4.5),Yes,No,No,False,True,corrected_proposer_error,two_benchmark,2.0,7907.642247,1765659381.0,1765669345.0,two_benchmark
0x9c5800f0be2d20933502013efebd2034bf0640890f28a771463ee08ba1d0c10d,Northern Kentucky Norse vs. Bellarmine Knights: O/U 153.5,No,Yes,Yes,False,True,corrected_proposer_error,two_benchmark,2.0,16176.647744,1765659381.0,1765669283.0,two_benchmark
0x68a354af1870bb78cfcaaecb9c4b658445fcde50d7ef837509541d19ef44530e,Northern Kentucky Norse vs. Bellarmine Knights: O/U 152.5,No,Yes,Yes,False,True,corrected_proposer_error,two_benchmark,2.0,15072.124773,1765659381.0,1765669283.0,two_benchmark
0xab6d2df129b0309cf97b1999bc336b948af50d57f5f905d3f228fa1736735737,"Will Trump say ""Luck"" this week? (December 8 - 14)",No,Yes,Yes,False,True,corrected_proposer_error,two_benchmark,2.0,17571.38592,1765774803.0,1765791025.0,two_benchmark
0xda325a2ab7b795bb24f303606241c965b17b7fc657032740acd16c190b9acd47,"Bitcoin Up or Down - December 16, 3PM ET",Yes,No,No,False,True,corrected_proposer_error,two_benchmark,2.0,123740.912051,1765918801.0,1765922649.0,two_benchmark
0xe4e356793d4bc62d72b0962e940283aa715b030dd219c2f8b72d0888d3c8ce9a,"Ethereum Up or Down - December 18, 3PM ET",Yes,No,No,False,True,corrected_proposer_error,two_benchmark,2.0,49275.35643,1766091603.0,1766096521.0,two_benchmark
0xbc5ba1826da91d5cbb6860a9f63f0611ab325630c701cae13c11bd40accd5958,Will another app be #1 Free App in Play Store on December 19?,No,Yes,Yes,False,True,corrected_proposer_error,two_benchmark,2.0,17.002,1766163615.0,1766189013.0,two_benchmark
0xac4018791be403d1f801f8f47e74cad4d9438e4cea53afb398de80ba00e662d6,Will ChatGPT be #1 Free App in Play Store on December 19?,Yes,No,No,False,True,corrected_proposer_error,frozen,2.0,26280.608894,1766164091.0,1766177007.0,frozen
0xa4ccba3cd411d32563c7ed7fe4511e4ad7ef3b028f18b2a00f9dce5617a4b2a9,Terance Mann: Assists Over 3.5,No,Yes,Yes,False,True,corrected_proposer_error,two_benchmark,2.0,7063.338306,1766369662.0,1766378574.0,two_benchmark
0x55acdedfd5357dbe9d89cd97fb769ccf931fa8fcd9e0862fda27d996598f41db,"Will the total number of TSA passengers for December 15-21 be between 17,750,000 and 18,000,000?",Yes,No,No,False,True,corrected_proposer_error,frozen,2.0,24733.290412,1766414717.0,1766422729.0,frozen
0x26e5614a6e754eb00c55c8ba609bd587775412090375550c874e77cde9430448,Games Total: O/U 2.5,Yes,No,No,False,True,corrected_proposer_error,two_benchmark,2.0,60542.608022,1766579861.0,1766588505.0,two_benchmark
0x349697c82469ff93001553265bc83897a06b5a2fd18001aa6e5943ffe1e1c0c6,Desmond Bane: Assists Over 4.5,No,Yes,Yes,False,True,corrected_proposer_error,two_benchmark,2.0,1628.305505,1766593343.0,1766600979.0,two_benchmark
0x889d880e8fe0855c7217aa35ff6bbb0562cbdbbef0e4d2414329ad4c54fc72e4,Trae Young: Rebounds Over 2.5,Yes,No,No,False,True,corrected_proposer_error,two_benchmark,2.0,670.715747,1766801987.0,1766812329.0,two_benchmark
0x02a03b586558070cd7fb187c98c1a4d75bd3ad15f9066edf2518c5a5ea0a7e65,Isaiah Collier: Assists Over 6.5,Yes,No,No,False,True,corrected_proposer_error,two_benchmark,2.0,3450.2031,1766940155.0,1766948445.0,two_benchmark
0xadd7095fba74e58a72c2c9a915393d58e5ee508e7fc555b9ea9eaad8725e13de,Jonathan Taylor: Receiving Yards O/U 17.5,Yes,No,No,False,True,corrected_proposer_error,two_benchmark,2.0,13477.057295,1766974125.0,1766982855.0,two_benchmark
0xd7257ee57374c8426bea6dc6af3729c8877de595dd3db743276dd5227d4a4c37,Kawhi Leonard: Rebounds Over 7.5,No,Yes,Yes,False,True,corrected_proposer_error,two_benchmark,2.0,19336.963044,1766984593.0,1766992825.0,two_benchmark
0x4716f56690cd83f251b5b431766faa095aee930f969994c134f0cd2b50956e0c,Trump imposes tariff on semiconductors by December 31?,Yes,No,No,False,True,corrected_proposer_error,two_benchmark,2.0,283109.566286,1767010325.0,1767253725.0,two_benchmark
0xa2fc72c6a3f886f62501c9fb2b7df5da3a2f6a3f322712bb7d4a955417dd0c4c,"Will Donald Trump say ""nuclear"" 3+ times during Israel President events on December 29?",No,Yes,Yes,False,True,corrected_proposer_error,two_benchmark,2.0,640920.64933,1767047241.0,1767400921.0,two_benchmark
0x0865070f6b0aba623c519c937b4c1c55b35def714d7669618012ec60b001509b,Ryan Rollins: Rebounds Over 3.5,Yes,No,No,False,True,corrected_proposer_error,two_benchmark,2.0,14954.203732,1767064363.0,1767072407.0,two_benchmark
0xdb83caa7660ecf5fec5125e6207983b4a4644d1bcac6521ed8ad69be9cbae24f,Kyle Kuzma: Assists Over 2.5,Yes,No,No,False,True,corrected_proposer_error,two_benchmark,2.0,1722.401825,1767064371.0,1767072291.0,two_benchmark
0x9f507a2eada0844edc363d643b56fafaa5c6a142c5fef6b9f5fe26988273ca4d,US strikes Yemen by December 31?,No,Yes,Yes,False,True,corrected_proposer_error,two_benchmark,2.0,3348633.815936,1767259449.0,1767574425.0,two_benchmark
0x872d8d317b0d35e28da5e30ce5529ed19dd0ec79a194488cb241b4aa6b10e8fc,"Will ""Idiot"" or ""Dumb"" be said during the next episode of the All-In podcast?",Yes,No,No,False,True,corrected_proposer_error,two_benchmark,2.0,17488.665653,1767401273.0,1767423033.0,two_benchmark
0x612422b8d67be7deb8ece85fa7552fc39950676bce2564120fe9baa093d68736,Will NEOM SC win on 2026-01-04?,No,Yes,Yes,False,True,corrected_proposer_error,frozen,2.0,20741.156414,1767546017.0,1767554657.0,frozen
0x9499cf4da40b5faea5d18752326233b453d0970edbf888eca4ed437b408dd5cc,Games Total: O/U 2.5,No,Yes,Yes,False,True,corrected_proposer_error,two_benchmark,2.0,6058.65,1767615663.0,1767623135.0,two_benchmark
0x590243c644ca5b0ae59ece198faf741d617bd3cad823a34f0338a1f7c96f1d5f,Hawks vs. Raptors: O/U 225.5,Yes,No,No,False,True,corrected_proposer_error,two_benchmark,2.0,27899.989,1767668523.0,1767677123.0,two_benchmark
0x114a17ed50c427484851fa3ab217848ca81a7f95a29b5fa1c4663798764e266c,"Will the Trump administration release any Epstein-related files on January 6, 2026?",No,Yes,Yes,False,True,corrected_proposer_error,two_benchmark,2.0,292513.157633,1767762003.0,1767777173.0,two_benchmark
0x4778c7373f693868af435dec54d6b474ee7312b4ef6e0e0abe267c78e9f1b011,"Solana Up or Down - January 7, 11AM ET",No,Yes,Yes,False,True,corrected_proposer_error,two_benchmark,2.0,115075.245124,1767805203.0,1767809231.0,two_benchmark
0xb659ba40d8cfd00fe84ef65c3aebb3f3f4b722058818adb654e23d30eb15f728,Sasnovich vs. Samsonova: Set 1 Games O/U 10.5,Yes,No,No,False,True,corrected_proposer_error,two_benchmark,2.0,18069.060948,1767853585.0,1767866403.0,two_benchmark
0xa6944995e4d4716a89a49127a75ca0eddaa2c12ee7d65ac72b365de131af1a85,"Bitcoin Up or Down - January 8, 3PM ET",Yes,No,No,False,True,corrected_proposer_error,two_benchmark,2.0,600869.245669,1767906004.0,1767910556.0,two_benchmark
0x8e701a77f5a69e089847dff80ab040dc8032773e04f69b3451d32b51ea39ba56,LaMelo Ball: Assists Over 7.5,No,Yes,Yes,False,True,corrected_proposer_error,two_benchmark,2.0,1300.63,1767927494.0,1767936772.0,two_benchmark
0x53abd8d573f0d9e1712bc50223a6be99e7588617ec0d1e51c236f940302d30e8,Montana Grizzlies vs. Idaho Vandals: O/U 151.5,No,Yes,Yes,False,True,corrected_proposer_error,two_benchmark,2.0,12824.16492,1767931390.0,1767941938.0,two_benchmark
0xadfe4edcbe372eefa1e7e43f3de34c979d15b36bc297b3a41873b4363c4efdc8,BPL: Durdanto Dhaka vs Rangpur Riders (Game 1) - Team Top Batter Durdanto Dhaka Winner,Yes,No,No,False,True,corrected_proposer_error,both,2.0,10718.65,1767947150.0,1768654592.0,two_benchmark
0x198ce6fb44e49dbdb973fe2dacc9903191be943a59b9190ff6f8e4fd8406cced,BPL: Durdanto Dhaka vs Rangpur Riders (Game 1) - Team Top Batter Rangpur Riders Winner,No,Yes,Yes,False,True,corrected_proposer_error,both,2.0,7758.7,1767947162.0,1768654584.0,two_benchmark
0xb678d652ba0b40436f2469cd6014f109cdb8702dc929e2cb2877d199b90bfd04,"Will the total number of TSA passengers for January 8 be between 2,100,000 and 2,200,000?",Other,Yes,Yes,False,True,corrected_proposer_error,frozen,2.0,1863.9325,1767969970.0,1767977736.0,frozen
0x561b9fd4d88f7d6b2cc2358963c34cd92cafb2e1993357db007c0c4dea80614b,Big Bash League: Sydney Sixers vs Hobart Hurricanes (Game 1) - Team Top Batter Sydney Sixers Winner,No,Yes,Yes,False,True,corrected_proposer_error,frozen,2.0,1183.63,1768109354.0,1768119660.0,frozen
0xe5d0d297c65ddd0be128d044108c14f5fe6dad8c241ed5fc5cef293a0c512d79,Big Bash League: Sydney Sixers vs Hobart Hurricanes (Game 1) - Team Top Batter Draw,Yes,No,No,False,True,corrected_proposer_error,frozen,2.0,1553.95,1768109382.0,1768119724.0,frozen
0xa19b7683a28942f887e335128ba1e12e5e01e6584caa3fdf17c46a7b43c0cdf1,Big Bash League: Sydney Sixers vs Hobart Hurricanes (Game 1) - Most Sixes Sydney Sixers Winner,No,Yes,Yes,False,True,corrected_proposer_error,frozen,2.0,1212.95,1768109444.0,1768119724.0,frozen
0x13c8bc55f413dfb46efa975c74c9980ae5a68aec17fa43316a8a3b3572082988,Big Bash League: Sydney Sixers vs Hobart Hurricanes (Game 1) - Most Sixes Draw,Yes,No,No,False,True,corrected_proposer_error,frozen,2.0,1148.95,1768109472.0,1768119786.0,frozen
0x8960669a10c46f7d687950d08814226c022e6cb3457d453a6d93b8d63822c277,"Bitcoin Up or Down - January 11, 6AM ET",No,Yes,Yes,False,True,corrected_proposer_error,two_benchmark,2.0,164665.809561,1768132800.0,1768136806.0,two_benchmark
0xa2a2c5caa96ec807672d8b31ae2711307c0ab5978b56f126974795fe97344690,"Solana Up or Down - January 11, 6AM ET",No,Yes,Yes,False,True,corrected_proposer_error,two_benchmark,2.0,46093.767912,1768132800.0,1768136862.0,two_benchmark
0x116f75580e6b1e73c848a131d7a937697699363470589e09014011e7a0dde165,Games Total: O/U 2.5,Invalid,No,No,False,True,corrected_proposer_error,two_benchmark,2.0,487.004,1768210362.0,1768218456.0,two_benchmark
0xc2afc63da35dff43dcd4d79fc5572a6f30ab7873810674b1413f4ba5144d93fa,Christian McCaffrey: Rushing Yards O/U 59.5,Yes,No,No,False,True,corrected_proposer_error,two_benchmark,2.0,1612.26314,1768242233.0,1768284399.0,two_benchmark
0xd1dd9160098983c7aa8e50230ca50f414757185a52854935cd10a9b165910e5d,Will the total domestic gross for Avatar: Fire and Ash be greater than 520m by January 31?,Yes,No,No,False,True,corrected_proposer_error,frozen,2.0,1509423.837751,1768271453.0,1770076624.0,frozen
0x4d3d8da3f98a6d1a19261ce18996f808ca496f0f7a32dbded54ff75278342197,Set Handicap: Timofeeva (-1.5) vs Hontama (+1.5),Yes,No,No,False,True,corrected_proposer_error,two_benchmark,2.0,10479.613579,1768292385.0,1768299841.0,two_benchmark
0x53d9c89da57b2ceff31f90ecccf7ce09e676c18af0307a56dd25d8a50515a8f4,Torino FC vs. AS Roma: Both Teams to Score,Yes,No,No,False,True,corrected_proposer_error,two_benchmark,2.0,26150.223126,1768338274.0,1768771352.0,two_benchmark
0xddff7251af9c56b2048edd2513019e55ae104143faa97d5799978f926bfcf1e0,Torino FC vs. AS Roma: O/U 2.5,Yes,No,No,False,True,corrected_proposer_error,two_benchmark,2.0,71360.79417,1768338658.0,1768771366.0,two_benchmark
0x66d9fd234b5efb8fb40c36c86c8bc3486895ecea3ff5e726478517bfdf878a2c,Spread: Kennesaw State Owls (-3.5),Yes,No,No,False,True,corrected_proposer_error,two_benchmark,2.0,44819.722101,1768443016.0,1768452584.0,two_benchmark
0x288a6193d8f99f6cd90b4bd68f91a958cca08c87c2201193f73928ab52ba0172,"Will Trump say ""Unbelievable"" or ""Fantastic"" or ""Incredible"" 10+ times during Panthers visit?",No,Yes,Yes,False,True,corrected_proposer_error,two_benchmark,2.0,5677608.896484,1768519142.0,1768783380.0,two_benchmark
0x5d7ebc8c71ce35f2cb5bed39611edb1755253186dec6d7ea2a147eeeec95987f,Texas Southern Tigers vs. Alcorn State Braves,No,Yes,Yes,False,True,corrected_proposer_error,two_benchmark,2.0,1357290.359746,1768691898.0,1768701936.0,two_benchmark
0xca9e8c66394fe1efff0728faeda87363ce59a61a083136f3302c0d6d0dd01364,Spread: Alcorn State Braves (-0.5),Yes,No,No,False,True,corrected_proposer_error,two_benchmark,2.0,44.99,1768691898.0,1768701994.0,two_benchmark
0xbc8173d40372dd1c83f209080bba2cc64ead8d0805339c87827088ff039ee068,"Solana Up or Down - January 17, 6PM ET",Yes,No,No,False,True,corrected_proposer_error,two_benchmark,2.0,74265.996588,1768694400.0,1768720566.0,two_benchmark
0x38573c3d92bb832d31b70771006ec88075683bb231424eab994c2318be5c4044,Timberwolves vs. Spurs,Yes,No,No,False,True,corrected_proposer_error,two_benchmark,2.0,2083910.518013,1768707250.0,1768716410.0,two_benchmark
0x0a79e78cb223db6d479391b8a12893d415be96680cb2377f820e2c2069e76957,Counter-Strike: Eternal Fire vs Acend - Map 1 Winner,Yes,No,No,False,True,corrected_proposer_error,two_benchmark,2.0,5526.385,1768760144.0,1768769266.0,two_benchmark
0x32330c6dc418275e8ba9f6981bf0d9c5f3a0ae5b0e71b83d7645fc87f96ec4d6,Dota 2: Yellow Submarine vs  alohasquad - Game 1 Winner,Yes,No,No,False,True,corrected_proposer_error,two_benchmark,2.0,38380.0336,1768768336.0,1768776584.0,two_benchmark
0xa54214f3c845629b7859a112e077addbc7091af61673d450c766aa44a8b31989,Immanuel Quickley: Rebounds O/U 3.5,Yes,No,No,False,True,corrected_proposer_error,two_benchmark,2.0,840.58,1768798898.0,1768813418.0,two_benchmark
0x76cf6a4b1b6716eac36080313362ba121a57737a146e1a1e82a529c56aa5ec30,Isaiah Collier: Assists O/U 6.5,Yes,No,No,False,True,corrected_proposer_error,two_benchmark,2.0,8985.37,1768868840.0,1768877626.0,two_benchmark
0xf0649b439903de83478b20a4014039eec14ec4c4ef2142f46231306a9fc955a8,Ace Bailey: Points O/U 13.5,Yes,No,No,False,True,corrected_proposer_error,two_benchmark,2.0,11394.089568,1768869140.0,1768877648.0,two_benchmark
0x7167e90deca4750c78a695440df8ca5b91fb4b222a600f559255968ca9f252ac,Sam Hauser: Rebounds O/U 4.5,No,Yes,Yes,False,True,corrected_proposer_error,two_benchmark,2.0,529.222935,1768881772.0,1768897024.0,two_benchmark
0x7ca44055a9211156d986ae3071ca03b1fb3c5e1b4b339afd6859b6fdd865b689,Israel x Hamas Ceasefire Phase II by January 31?,Yes,No,No,False,True,corrected_proposer_error,two_benchmark,3.0,717602.46011,1768900262.0,1769932494.0,two_benchmark
0xff1d017bc1adfcde63468d4b8d1d5b79ef570e9e84bfa1d4d7d558c94f595f41,"Bitcoin Up or Down - January 20, 3PM ET",No,Yes,Yes,False,True,corrected_proposer_error,two_benchmark,2.0,1058828.533315,1768942800.0,1768947440.0,two_benchmark
0x3afaa6c9c9487ab0eff39abb4e93be2647afcb4069e1ce8e6af5cca37de14438,"Will Netflix say ""Warner Bros"" during earnings call?",No,Yes,Yes,False,True,corrected_proposer_error,two_benchmark,2.0,6527474.190661,1768950100.0,1769301812.0,two_benchmark
0x7a79917ee646843f681bce6b9a7f58111af8778ddd2999fc52f421c5be98c980,Zandschulp vs. Shang: Total Sets O/U 2.5,No,Yes,Yes,False,True,corrected_proposer_error,two_benchmark,2.0,101529.014936,1769058638.0,1769068874.0,two_benchmark
0xbfb57097d5149773aef0b4a389d5d8857147a693d469aba9cc1248a5447ad861,LoL: BNK FearX Youth vs Dplus KIA Challengers - Game 2 Winner,Yes,No,No,False,True,corrected_proposer_error,two_benchmark,2.0,12967.418645,1769071668.0,1769087946.0,two_benchmark
0x15a2206d0704574e8644ba0ebf8c06abccf05e6148413caa531d1f11d8a6b3a1,Games Total: O/U 2.5,Invalid,No,No,False,True,corrected_proposer_error,two_benchmark,2.0,12047.862915,1769088198.0,1769301842.0,two_benchmark
0xbd876c97bc64d51536a1cf61f28cb54022d01b6f0bd841532e637e6c5cd3e1fa,LoL: Deer Gaming vs La BOMBAS (BO1) - NLC Regular Season,No,Yes,Yes,False,True,corrected_proposer_error,two_benchmark,2.0,75620.121564,1769122120.0,1769135360.0,two_benchmark
0xf7b8cf6d247227423e45d1fa7588999254eedd73ffb75375213c4676945e03f7,Series: EDward Gaming Kill Handicap (-13.5) vs ThunderTalk Gaming (+13.5),No,Yes,Yes,False,True,corrected_proposer_error,two_benchmark,2.0,3857.94,1769174774.0,1769183278.0,two_benchmark
0x074b0d571395e427d72d641fbf163b902a4b9cd44b7cb3eff1b512f36c431267,Will Trump admin release any more Epstein related files by January 24?,Yes,No,No,False,True,corrected_proposer_error,two_benchmark,2.0,602569.839976,1769303388.0,1769326822.0,two_benchmark
0x89e3330ec9195956829d16253837cd8b836626ceaf8f66fff41fc459e7cd6c84,Valorant: Mandatory vs Caldya Esport (BO3) - VCL France: Revolution Group Stage,No,Yes,Yes,False,True,corrected_proposer_error,two_benchmark,2.0,3274.625028,1769357022.0,1769366926.0,two_benchmark
0xe358cc5c3cc7e9c3b9ede6cab46fcb98570cbceba8ef7025c8a715d9a78a03e6,Davante Adams: First Touchdown,Yes,No,No,False,True,corrected_proposer_error,two_benchmark,2.0,12842.553905,1769391032.0,1769404460.0,two_benchmark
0xabf6a8d03040a1ebfdeffbcef20c15577c762c61dfa7ee59d5ea72c5cd7121f5,Counter-Strike: Aurora Young Blood vs Endless Journey (BO3) - Exort Series Main Stage,No,Yes,Yes,False,True,corrected_proposer_error,two_benchmark,2.0,138887.698858,1769540651.0,1769820748.0,two_benchmark
0x487b4d303237dda42cf73b69695181d7cf5cc3e71c9a4f710f0107358d0fab1f,Tesla (TSLA) Up or Down on January 28?,No,Yes,Yes,False,True,corrected_proposer_error,two_benchmark,2.0,144596.486206,1769649946.0,1769661768.0,two_benchmark
0x6dcc9664de54b974c44f08fef2f58f2b667e3da881a8dfe5443c5430c9d85b8f,Total Kills Over/Under 45.5 in Game 1?,No,Yes,Yes,False,True,corrected_proposer_error,two_benchmark,2.0,3361.44,1769703440.0,1770114978.0,two_benchmark
0xef800261ddd1c3320c6409c14d7ea7291548a9c14cfcf1bea9c63eff1c8dcac0,Total Kills Over/Under 62.5 in Game 2?,Yes,No,No,False,True,corrected_proposer_error,two_benchmark,2.0,193.0,1769842610.0,1769854338.0,two_benchmark
0xf931461dc663e2735e7edbaa9e85c453c0d17b1be968a73bbd53047f0bff8bbc,Counter-Strike: Spirit vs Astralis (BO3) - IEM Krakow Group A,No,Yes,Yes,False,True,corrected_proposer_error,two_benchmark,2.0,311191.448596,1769886358.0,1769895368.0,two_benchmark
0x5abe3287197d0a924707ce99130643c92751c209fc0e376c6700d6673b43ada5,Will Trump talk to Vladimir Putin in January?,Yes,No,No,False,True,corrected_proposer_error,two_benchmark,2.0,7456315.379733,1769917832.0,1770164852.0,two_benchmark
0x70d30bb3ccbbd29053dd189018afd7770fe4a0a3a733d8cabe6c2183fcf9b35a,Total Kills Over/Under 26.5 in Game 2?,No,Yes,Yes,False,True,corrected_proposer_error,two_benchmark,2.0,300.0,1769918268.0,1769927556.0,two_benchmark
0x05beef793157deb1cc34e2d3159539f461b73c7eeaa3b5348617c10eed5509d0,U.S. anti-cartel ground operation in Mexico by January 31?,No,Yes,Yes,False,True,corrected_proposer_error,two_benchmark,2.0,30194309.815936,1769922082.0,1770164808.0,two_benchmark
0x3eb554359389701a7ddf616148027482f54f6e10bd6fc91a24ad334286bb8df0,Counter-Strike: Team Nemesis vs Nemiga (BO3) - Exort Cataclysm Group C,Yes,No,No,False,True,corrected_proposer_error,two_benchmark,2.0,15922.564653,1769959424.0,1769967298.0,two_benchmark
0x73bb0d7eec16b9d0de07c86ecf929a8313f5ab086dce766b71e123b9ad6f3cf5,Zach LaVine: Assists O/U 2.5,Yes,No,No,False,True,corrected_proposer_error,two_benchmark,2.0,2013.603335,1770002368.0,1770017622.0,two_benchmark
0x9b936fdc86f4f15fdcde3b64dbc9ce4ee5d272cc624948280d87cde09f1455a8,Games Total: O/U 4.5,No,Yes,Yes,False,True,corrected_proposer_error,two_benchmark,2.0,1932.0,1770056186.0,1770064898.0,two_benchmark
0xd0828cd0328e38fd6b47d1699fedf288ce8a47c2d97bc9cbe6add19400168eb0,,Yes,No,No,False,True,corrected_proposer_error,two_benchmark,2.0,,1770078034.0,1770338771.0,two_benchmark
0xc8bec4ba9e089fd53e9104fb1f9c7dfad3c72005ea4a064c6621dd2b0e6f38da,Game Handicap: DRX.C (-1.5) vs HANJIN BRION Challengers (+1.5),No,Yes,Yes,False,True,corrected_proposer_error,two_benchmark,2.0,1161.928066,1770111996.0,1770120044.0,two_benchmark
0xc725ab19d202387d00c18d3d3654bbece0e55b7b0b35f55ad4546585785bed8d,Games Total: O/U 2.5,Yes,No,No,False,True,corrected_proposer_error,two_benchmark,2.0,18293.171142,1770112026.0,1770120158.0,two_benchmark
0x3913d5ebb3736c88dd7961527ad35558a48dd65df8b8f2037f5b44f9ae22e394,76ers vs. Warriors: 1H O/U 113.5,Yes,No,No,False,True,corrected_proposer_error,two_benchmark,2.0,6338.43403,1770177826.0,1770186070.0,two_benchmark
0xe272757cff2372ebf4989f2a9b099b44a49c6af32c423b80e9f43679cae04afc,First Blood in Game 1?,Yes,No,No,False,True,corrected_proposer_error,two_benchmark,2.0,1592.94888,1770200826.0,1770221033.0,two_benchmark
0xb2d29f87e81f0473080d2316618ca3887c9bbfa0e49d0e5deb39ab98c35a04dc,"Ethereum Up or Down - February 7, 8AM ET",No,Yes,Yes,False,True,corrected_proposer_error,two_benchmark,2.0,109994.788557,1770472801.0,1770477563.0,two_benchmark
0x6112791094f5eadac605a77cf6e65eb056554a86df64f9185c6c04fa54f287d5,Jaren Jackson Jr.: Rebounds O/U 4.5,Yes,No,No,False,True,corrected_proposer_error,two_benchmark,2.0,560.096235,1770519855.0,1770539267.0,two_benchmark
0xc138ac445f1a851f2e510bd391cc683b061bc4eb9f6e8d67870021ccd628de50,Will Rauw Alejandro perform during the Super Bowl LX halftime show?,Yes,No,No,False,True,corrected_proposer_error,two_benchmark,2.0,110983.299553,1770605597.0,1770617705.0,two_benchmark
0xa48bc09fea0757867a03a4b4f168fe4b2fff0173ff996f0428eae9a394d9d643,Total Kills Over/Under 29.5 in Game 2?,No,Yes,Yes,False,True,corrected_proposer_error,two_benchmark,2.0,10264.294761,1770646111.0,1770655123.0,two_benchmark
0x0e2f6aa9ba8921c19d61bc1a5fb6e6a4dfa94c273ad1f05e7c60bf27a97f9e39,1H Spread: 76ers (-0.5),No,Yes,Yes,False,True,corrected_proposer_error,two_benchmark,2.0,4385.824894,1770696619.0,1770706455.0,two_benchmark
0xa855802c9d3ebd988b448dfd268823c773a6bfe65cd7016d8b42830545fde4da,Games Total: O/U 2.5,No,Yes,Yes,False,True,corrected_proposer_error,two_benchmark,2.0,166008.845864,1770752947.0,1771029799.0,two_benchmark
0x63d84138de61d32d5ac6060056d62f878779776cb1e8ecd6a417990940269208,Nancy Guthrie kidnapper arrested by February 28?,Yes,No,No,False,True,corrected_proposer_error,two_benchmark,2.0,149962.136065,1770826853.0,1772349163.0,two_benchmark
0x037d806dac75412ea17a211086c0f488da2118dedd69a74ef53362c2c5606b41,"Bitcoin Up or Down - February 11, 3PM ET",Yes,No,No,False,True,corrected_proposer_error,two_benchmark,2.0,1086802.183413,1770843707.0,1770849191.0,two_benchmark
0x2429ebad341852da0fa1bfd2c89dcef5a4cf11ba98b5c4b0c2e05d12f2f79c0b,,Yes,No,No,False,True,corrected_proposer_error,two_benchmark,2.0,,1770847033.0,1771203399.0,two_benchmark
0xb0b2b2abe2fed88c1f8bd669fbfd06cfb2bd75454d4ddedc61b86e1fba7e91b1,"Will Trump say ""Israel"" 13+ times during meeting with Netanyahu?",Yes,No,No,False,True,corrected_proposer_error,two_benchmark,2.0,16054.85222,1770872471.0,1770880881.0,two_benchmark
0xf048a04d46f2989f2e48dd665ec0137ee3506bff67e0c69e65400d86bf8ab305,Map Handicap: NTR (-1.5) vs DRGN TEAM (+1.5),Yes,No,No,False,True,corrected_proposer_error,two_benchmark,2.0,2624.779548,1771069785.0,1771077213.0,two_benchmark
0x2c0d74e8643075fcee550a114e6231fe748c64860e4db11edf5759275bca8608,Valorant: Pixel Lumina vs VR2 - Map 1 Winner,No,Yes,Yes,False,True,corrected_proposer_error,two_benchmark,2.0,1689.93,1771186041.0,1771194999.0,two_benchmark
0x62b15fe2609e034a700e0ec6bcc6565d234f2c17a4ecb648ad75a3f0f1b42449,Will GALBOT have robot dancers at the 2026 Spring Festival Gala?,No,Yes,Yes,False,True,corrected_proposer_error,two_benchmark,2.0,390341.639867,1771260481.0,1771271589.0,two_benchmark
0xec881427e67f92beab8a66ae1f1f6fc1ab4c3263bf877e6da225386590d828c4,Dota 2: Yangon Galacticos vs yache123 (BO3) - EPL World Series Southeast Asia Group Stage,Yes,No,No,False,True,corrected_proposer_error,two_benchmark,2.0,206483.427383,1771311505.0,1771323059.0,two_benchmark
0xc7b0ad3e9def06d0a03dedfa3e5b9b86267d83c433b7335c2b0de8f753063ba1,,No,Yes,Yes,False,True,corrected_proposer_error,two_benchmark,2.0,,1771358959.0,1771367559.0,two_benchmark
0xb68355c43695fd1e1a877aef17d6445d79638bde01bafcc6147ab4173aa51887,Werner vs. Kraus: Set 1 Games O/U 8.5,No,Yes,Yes,False,True,corrected_proposer_error,two_benchmark,2.0,4110.125815,1771364257.0,1771373323.0,two_benchmark
0x3396f00896f7168639e9325ee87fd10c18969ddc87b7b107f339146ec795041d,"Will Trump say ""Smart"" or ""High IQ"" during the Black History Month reception?",No,Yes,Yes,False,True,corrected_proposer_error,two_benchmark,2.0,129639.491516,1771449360.0,1771458696.0,two_benchmark
0x9041cdcfa38c26b7db3966745ce613122b514238823ddc1010a787c7cf0f29db,,Yes,No,No,False,True,corrected_proposer_error,two_benchmark,2.0,,1771714514.0,1771725460.0,two_benchmark
0x50a4d2656e498424b7f16f1709f2addeb48cdf0eee8134532e87f93fa36aa0c4,,No,Yes,Yes,False,True,corrected_proposer_error,two_benchmark,2.0,,1771729174.0,1771737420.0,two_benchmark
0xecd0bc280f5c72764fd2a74b643a1d79a4b13c0f860db7848d03877f5281e86e,,No,Yes,Yes,False,True,corrected_proposer_error,two_benchmark,2.0,,1771738286.0,1771747584.0,two_benchmark
0xfbfc45d546e1d2c91948eb6064f272e95f7c698a5eb84a8bd6a4e4304f634e5d,,No,Yes,Yes,False,True,corrected_proposer_error,two_benchmark,2.0,,1771900276.0,1771907894.0,two_benchmark
0x594767cf604eeab64ee38e7d592226847452cf65cb97578810071142760a881f,,No,Yes,Yes,False,True,corrected_proposer_error,two_benchmark,2.0,,1771982074.0,1772035858.0,two_benchmark
0xa64dbd4a76e64df7a4dad3955bc0cafcbb0f00eefaa74796ab31afd4a456f9e7,,No,Yes,Yes,False,True,corrected_proposer_error,two_benchmark,2.0,,1771982074.0,1771990392.0,two_benchmark
0x7d602072ae5a71f1ea811f817e765cd4ef659e39867c0707cbe8296df35b19d9,,No,Yes,Yes,False,True,corrected_proposer_error,two_benchmark,2.0,,1772079276.0,1772094652.0,two_benchmark
0xa980ea26bcaa8e2b6dc550c270426cb9bbc8184550cb8eaa904afcad1c8aa0e6,,No,Yes,Yes,False,True,corrected_proposer_error,two_benchmark,2.0,,1772206987.0,1772290863.0,two_benchmark
0x4116c07c5c224c469c221b75e3b9387414674d50c0ed4fdc5d6aa1a2c74928f2,,No,Yes,Yes,False,True,corrected_proposer_error,two_benchmark,2.0,,1772427785.0,1772757119.0,two_benchmark
0x15d3da8500180e884f5a110b86f301e8a4bd38ec08370211441ae6c8e2a8e9d3,,No,Yes,Yes,False,True,corrected_proposer_error,two_benchmark,2.0,,1772501671.0,1772757973.0,two_benchmark
0xd16273bc4306e56bc0d83933c09141136fea5ce0784524a870f7ae8d30709e66,,Yes,No,No,False,True,corrected_proposer_error,two_benchmark,2.0,,1772501681.0,1772757969.0,two_benchmark
0x4b7cd1050a0c87baebe5e6008260d14b2a9d6d705cf7e7daac1be94ad5253b27,US strikes Iraq by February 28?,No,Yes,Yes,False,True,corrected_proposer_error,two_benchmark,2.0,84274.625992,1772514007.0,1772757119.0,two_benchmark
0x78b092b080995fc39f2836f7355426c0e90b2e82dced9e3a7164bf31b25557c1,,No,Yes,Yes,False,True,corrected_proposer_error,two_benchmark,2.0,,1772583375.0,1772596913.0,two_benchmark
0x67bf5ce3b7fbf777a4e92ca8575e8fed621ba2bbb7412fec44adf3d0e0c4af2b,,Yes,No,No,False,True,corrected_proposer_error,two_benchmark,2.0,,1772652623.0,1772666465.0,two_benchmark
0x7048a62f3bebaff21ad1a8fac3e73dde2e65f5e24064c9d7096df3ebca91ecd5,,Yes,No,No,False,True,corrected_proposer_error,two_benchmark,2.0,,1772774317.0,1772782889.0,two_benchmark
0x7a4e96623e5baf75e3a039b1fdae23b288f84333f8d3c1ae6dbfbf6075330325,,Yes,No,No,False,True,corrected_proposer_error,two_benchmark,2.0,,1772817713.0,1773276105.0,two_benchmark
0xc4b2028e89ca885090cd4fa56ad00ac25bdd101f9a2cc742ca236fa9d9840f1a,,Yes,No,No,False,True,corrected_proposer_error,two_benchmark,2.0,,1772882813.0,1772890909.0,two_benchmark
0x092471f61558dabaf1ccac4444921db0c974a5734a0dcb55896be0eeff2fd775,,No,Yes,Yes,False,True,corrected_proposer_error,two_benchmark,2.0,,1773028801.0,1773275517.0,two_benchmark
0xd035034375a49d3e3ef83fe96c714f4d7715c4b7d882964e073bda47e0860909,,No,Yes,Yes,False,True,corrected_proposer_error,two_benchmark,2.0,,1773168551.0,1773177127.0,two_benchmark
0x771de080638c0fd0deff3e2016dfb22f16c1f6edad690c75d1f4cb9b240add51,,No,Yes,Yes,False,True,corrected_proposer_error,two_benchmark,2.0,,1773267579.0,1773621147.0,two_benchmark
0xb3899bd19e907da2d8404ab8e075f1ac9addd5e6ad2cebccba3116313816e340,,Yes,No,No,False,True,corrected_proposer_error,two_benchmark,2.0,,1773322857.0,1773621147.0,two_benchmark
0x314ace50b608514b912530b782605fa3cdacf31dd8dda558ca7e5c71a18f73be,,Yes,No,No,False,True,corrected_proposer_error,two_benchmark,2.0,,1773424247.0,1773454927.0,two_benchmark
0x3915f03c9f812092eac40af208c62e2f6ae99d03a207340732da1cf0f513c552,,Yes,No,No,False,True,corrected_proposer_error,two_benchmark,2.0,,1773583201.0,1773587527.0,two_benchmark
0x9c92d7e4744820857a0ef1ff1446fce0fcb6db0fe51878a24ba2eb716cc609a1,,Invalid,Yes,Yes,False,True,corrected_proposer_error,two_benchmark,2.0,,1773597631.0,1773605527.0,two_benchmark
0xa60c8d6eb39b206c364e5f5968c023783083213263b5ed00540f69fd41723b9e,,No,Yes,Yes,False,True,corrected_proposer_error,two_benchmark,2.0,,1773614317.0,1773622939.0,two_benchmark
0x8df5deceb6164ab03aff80ed36e72a916d6bde004288dab11a6fd66aff6e08c0,,Yes,No,No,False,True,corrected_proposer_error,two_benchmark,2.0,,1773632553.0,1773967329.0,two_benchmark
0x45cdd6a2ba8e613e023267bcba5641891217e7d0e158940da0a794d658cd8515,,No,Yes,Yes,False,True,corrected_proposer_error,two_benchmark,2.0,,1773713249.0,1773729731.0,two_benchmark
0x0fba65c01b3c228e61fd3c244749388e7fe1ba4537e5b315609f348e72b55571,,Yes,No,No,False,True,corrected_proposer_error,two_benchmark,2.0,,1773723603.0,1773728521.0,two_benchmark
0x979368b7598df76e5732aa9ad8ba144dea8213e5bb54e86b6cec9b76c0772c5a,,Yes,No,No,False,True,corrected_proposer_error,two_benchmark,2.0,,1773932403.0,1773936699.0,two_benchmark
0x5f6b1cc4015a5588f0022974ba10616664b4481b90f5190e560a94e5c759e647,,Yes,No,No,False,True,corrected_proposer_error,two_benchmark,2.0,,1774116003.0,1774120345.0,two_benchmark
0x5951b59c36b3ae5af0780dfc014d58dab560300be57eb98ce029f32b0235004b,,Yes,No,No,False,True,corrected_proposer_error,two_benchmark,2.0,,1774169293.0,1774177375.0,two_benchmark
0x2c19476e34ca71ee5394c4cc2d5a99a9fea222a34018bd6ef5501168bf8aab61,,Yes,No,No,False,True,corrected_proposer_error,two_benchmark,2.0,,1774170003.0,1774174945.0,two_benchmark
0x9236876f66d6fb4b8322eef390674991f76dc5864c181b87e2e689ccfc5ab6f9,,Yes,No,No,False,True,corrected_proposer_error,two_benchmark,2.0,,1774196873.0,1774302769.0,two_benchmark
0x5fe26ab36783a7a418c2d6336420ce8356e81cf37044bc028977a0f6ebc316cc,,Yes,No,No,False,True,corrected_proposer_error,two_benchmark,2.0,,1774247387.0,1774485201.0,two_benchmark
0x4163d3596df8155594d998479dd0fd9ac38c89b94078f3334de96afef3898471,,No,Yes,Yes,False,True,corrected_proposer_error,two_benchmark,2.0,,1774292095.0,1774301551.0,two_benchmark
0x77508b9cb5962ff587890f79e3e39a1789384405b6ff530afbccb9d70743352a,,No,Yes,Yes,False,True,corrected_proposer_error,two_benchmark,2.0,,1774304811.0,1774737124.0,two_benchmark
0x77d9e5fd2f26916c503948fc5f100cce006cb0d065cb78f866086d6bfee53a2a,,No,Yes,Yes,False,True,corrected_proposer_error,two_benchmark,2.0,,1774399059.0,1774407149.0,two_benchmark
0x9dd53abf4c8b6b25961ebcf61c5413900ece7b3cc08a9511d0c61b3ef9e5a6e3,,No,Yes,Yes,False,True,corrected_proposer_error,two_benchmark,2.0,,1774504515.0,1774855320.0,two_benchmark
0xd488d7a98d6d0a70d55ae2763629db1232572e6340c367bf04faead43c8d17f5,,No,Yes,Yes,False,True,corrected_proposer_error,two_benchmark,2.0,,1774672015.0,1774680257.0,two_benchmark
0x8f17b09187ec8abd916a31501b46dd0c66e16827d9b46f36e67f874e7819e98a,,No,Yes,Yes,False,True,corrected_proposer_error,two_benchmark,2.0,,1774672015.0,1774680081.0,two_benchmark
0xb9bb59509e6b2c6ad8ceb242e6704bc8c0d267b2ef8aa39ac3ca662d3c5fa727,,No,Yes,Yes,False,True,corrected_proposer_error,two_benchmark,2.0,,1774678211.0,1774713745.0,two_benchmark
0x5bc05c4b92318e331c4f224935179a933ef09c9fabd577259fd15a2e2d682f25,,No,Yes,Yes,False,True,corrected_proposer_error,two_benchmark,2.0,,1774723415.0,1774738028.0,two_benchmark
0x26fb9b729f7b858110c9bf9d9e96858752540c85ac113e62ac7c7dcf9023b69b,,No,Yes,Yes,False,True,corrected_proposer_error,two_benchmark,2.0,,1774724754.0,1774733114.0,two_benchmark
0x8698572ca0243d41683c62f45ccb6ad17b6c90393188d48e54ea47c319ba5c4a,,No,Yes,Yes,False,True,corrected_proposer_error,two_benchmark,2.0,,1774994809.0,1775348833.0,two_benchmark
0x1f546c61f76950614e91a9552bb63df94f1ef3fb6f00c02abe19c9069a4b50d3,,No,Yes,Yes,False,True,corrected_proposer_error,two_benchmark,2.0,,1775016193.0,1775348833.0,two_benchmark
0x5d87eb09704572f515e1dc472bc1f3dac6835cbb06a6c72c1d0b3486cd0ad97c,,No,Yes,Yes,False,True,corrected_proposer_error,two_benchmark,2.0,,1775069031.0,1775348833.0,two_benchmark
0x1f01e6c6913b6f2b1565040e12fc3ab13b81f3a4a3c304e129292a31122cee0a,,Yes,No,No,False,True,corrected_proposer_error,two_benchmark,2.0,,1775131203.0,1775135543.0,two_benchmark
0xd91f9610e660b2dc20190bb56238f3b68a4344fe77019a7b8d7aae6210071dd8,,Yes,No,No,False,True,corrected_proposer_error,two_benchmark,2.0,,1775154579.0,1775163083.0,two_benchmark
0x9ed7a1f639718fd37e43240c37d063ee89a7023252c3329815da5e26d4930a24,,No,Yes,Yes,False,True,corrected_proposer_error,two_benchmark,2.0,,1775276727.0,1775284329.0,two_benchmark
0x49335a4d904992ede0a8b197b372c29368acf976801174ea8cea53656dff6f29,,No,Yes,Yes,False,True,corrected_proposer_error,two_benchmark,2.0,,1775318403.0,1775322259.0,two_benchmark
0x9c3a935406a03cb0057a2301987d85f6fca8d8336a15d959a68f685e0c8ce775,,No,Yes,Yes,False,True,corrected_proposer_error,two_benchmark,2.0,,1775408029.0,1775420413.0,two_benchmark
0x9fdac5d41eb6efb2a93328f46853cc03ea76f820c73f91e2a8d1687932ecee7a,,Yes,No,No,False,True,corrected_proposer_error,two_benchmark,2.0,,1775437203.0,1775449147.0,two_benchmark
0x51b0037738ef698d3324150d145555a36e9b3b18b9c777b925bd339786cf450a,,No,Yes,Yes,False,True,corrected_proposer_error,two_benchmark,2.0,,1775489363.0,1775496911.0,two_benchmark
0x0a647e1c9288294a71619c0cc4271e2f0eca72ca448d25a869985da44ecba791,,No,Yes,Yes,False,True,corrected_proposer_error,two_benchmark,2.0,,1775489373.0,1775496911.0,two_benchmark
0x628a6ee951ffe6d4f8eb39c5f963885f126fc9b8fa91da706cd5664662abf4df,,No,Yes,Yes,False,True,corrected_proposer_error,two_benchmark,2.0,,1775507701.0,1775515335.0,two_benchmark
0x33bddf31471841c56fc01a4e4fb0207e4bfa3469e2c8b949d667def3c2c94774,,No,Yes,Yes,False,True,corrected_proposer_error,two_benchmark,2.0,,1775677191.0,1775688669.0,two_benchmark
0x0045e4d0d97951cfb3628ce75bc864a17f5d09797a3a20d3cae18a10f1c525a2,,Yes,No,No,False,True,corrected_proposer_error,two_benchmark,2.0,,1775692805.0,1775699123.0,two_benchmark
0x7ef0330039586602cd2d51aa58eca6c7d383fb760e568d1f489726bfbf57a835,,No,Yes,Yes,False,True,corrected_proposer_error,two_benchmark,2.0,,1775879557.0,1775886309.0,two_benchmark
0xc62a233ab2c8139bc122dbe1668b4fd3e7cc9ea8b921ef69fa3af365ee119b8e,,Yes,No,No,False,True,corrected_proposer_error,two_benchmark,2.0,,1775894403.0,1775910725.0,two_benchmark
0xac82edbb65d1a1df4d925f3aa50642561ca2a1063a83f4301e449df31b9c43ea,,Invalid,No,No,False,True,corrected_proposer_error,two_benchmark,2.0,,1775902739.0,1775923035.0,two_benchmark
0x0d8f4f9986c03a05b60314bccc6f727bb749f9a558b8d6a334ab8965800e435e,,Yes,No,No,False,True,corrected_proposer_error,two_benchmark,2.0,,1775973777.0,1775982615.0,two_benchmark
0x6a3b1f42dc9f594ade5e65a6be19c846405e12cacc5d885a715a2bd27aed7aee,,Yes,No,No,False,True,corrected_proposer_error,two_benchmark,2.0,,1775973837.0,1775982615.0,two_benchmark
0x62ec0f5c0bd7ca84b98b2d86f74a59a54d8c30d3ac78d87e76d4a86d81dcb3fc,,Yes,No,No,False,True,corrected_proposer_error,two_benchmark,2.0,,1776074595.0,1776082287.0,two_benchmark
0xeef82146e5f2fcf5907328bf8959744447734865054f79c8b4b07105540a0508,,Yes,No,No,False,True,corrected_proposer_error,two_benchmark,2.0,,1776240078.0,1776247768.0,two_benchmark
0x65fd2a18f451c8c742468eb6ec865da7e995d84789a961a5e3830bccfe1ea879,,Yes,No,No,False,True,corrected_proposer_error,two_benchmark,2.0,,1776250806.0,1776257068.0,two_benchmark
0x39184a32f7155869b962e2e11263d9c5bed2054b2951b90ba60a60537a0d8c02,,Yes,No,No,False,True,corrected_proposer_error,two_benchmark,2.0,,1776251622.0,1776261536.0,two_benchmark
0x6aa041f0633d8555803eec72260de228e3070ba2c9efc1d0c4be5942facf8d2b,,No,Yes,Yes,False,True,corrected_proposer_error,two_benchmark,2.0,,1776340032.0,1776351504.0,two_benchmark
0xb7c016ad2c1aeeb87d4e01895e58f7de7355e811aa01cad190301bf88ac8c2c4,,No,Yes,Yes,False,True,corrected_proposer_error,two_benchmark,2.0,,1776369600.0,1776377730.0,two_benchmark
0xaeb90505a1e36c058613d9392c51f9d14c8a66cec55fd10632f36dab4fc0c57b,,No,Yes,Yes,False,True,corrected_proposer_error,two_benchmark,2.0,,1776369600.0,1776377730.0,two_benchmark
0xbb60d1199c04d3e1c85eeec249657745430d266042dc6b21c93b3eba676aa04a,Map 3: Odd/Even Total Kills?,Invalid,No,No,False,True,corrected_proposer_error,two_benchmark,1.0,5.0,1776508538.0,1776731292.0,two_benchmark
0x2667443479b355a127fb8e1c9d4574794e459ef098b3fc9c4612f41c3cec36ad,,No,Yes,Yes,False,True,corrected_proposer_error,two_benchmark,2.0,,1776527770.0,1776535896.0,two_benchmark
0xb414ed0e04112d89330146ac3f3b208b3ce515bb1f9264ae93d5aeb7f712750e,,No,Yes,Yes,False,True,corrected_proposer_error,two_benchmark,2.0,,1776527770.0,1776535896.0,two_benchmark
0xa85c6755c6f4a80f07abe1d32e96e87cbc923ad15ac6b9c77c4bfeea85c64855,,No,Yes,Yes,False,True,corrected_proposer_error,two_benchmark,2.0,,1776528972.0,1776538986.0,two_benchmark
0x399dfed9f22f86a8bbeeb19d7cfbf476862466499599d5fe8d54d1daef0ef346,,No,Yes,Yes,False,True,corrected_proposer_error,two_benchmark,2.0,,1776528972.0,1776540510.0,two_benchmark
0xec1a56c60908232cccdd3408922854ef91dc8e9f2732b1b5a8050c3ac8a57464,,No,Yes,Yes,False,True,corrected_proposer_error,two_benchmark,2.0,,1776546054.0,1776555076.0,two_benchmark
0xc6c25c2150b2e2c7758ee0ad8640324f60086367fc689f0bca618621c890a2c6,,No,Yes,Yes,False,True,corrected_proposer_error,two_benchmark,2.0,,1776660498.0,1776904044.0,two_benchmark
